Oracion original,Etiqueta original,Puntaje positivo,Puntaje negativo,Resultado de inferencia,Tiempo de ejecucion
i loooooooovvvvvveee my kindle not that the dx is cool but the is fantastic in its own right,1,1.0,0.0,Positivo,0.0004031658172607
reading my kindle love it lee childs is good read,1,1.0,0.0,Positivo,0.0002202987670898
ok first assesment of the kindle it fucking rocks,1,1.0,0.0,Positivo,0.0001564025878906
you ll love your kindle i ve had mine for a few months and never looked back the new big one is huge no need for remorse,1,0.8379157161724097,0.1620842838275903,Neutral,0.0004045963287353
fair enough but i have the kindle and i think it s perfect,1,1.0,0.0,Positivo,0.0001814365386962
no it is too big i m quite happy with the kindle,1,0.8189463847681345,0.1810536152318654,Neutral,0.0001795291900634
fuck this economy i hate aig and their non loan given asses,0,0.0,1.0,Negativo,0.000192642211914
jquery is my new best friend,1,1.0,0.0,Positivo,0.0001342296600341
loves twitter,1,1.0,0.0,Positivo,4.8160552978515625e-05
how can you not love obama he makes jokes about himself,1,0.1968559694094321,0.8031440305905679,Neutral,0.00020432472229
i firmly believe that obama pelosi have zero desire to be civil it s a charade and a slogan but they want to destroy conservatism,0,0.1505452821242295,0.8494547178757705,Neutral,0.0003571510314941
house correspondents dinner was last night whoopi barbara amp sherri went obama got a standing ovation,1,0.0,0.0,Positivo,0.0002262592315673
watchin espn jus seen this new nike commerical with a puppet lebron sh t was hilarious lmao,1,0.8027586206896552,0.1972413793103448,Neutral,0.0002932548522949
dear nike stop with the flywire that shit is a waste of science and ugly love,0,0.1884760366182014,0.8115239633817986,Neutral,0.0002915859222412
lebron best athlete of our generation if not all time basketball related i don t want to get into inter sport debates about __,1,1.0,0.0,Positivo,0.0003325939178466
i was talking to this guy last night and he was telling me that he is a die hard spurs fan he also told me that he hates lebron james,0,0.0660358762073723,0.9339641237926276,Negativo,0.0004017353057861
i love lebron,1,1.0,0.0,Positivo,5.197525024414063e-05
lebron is a beast but i m still cheering the a til the end,0,1.0,0.0,Positivo,0.0001814365386962
lebron is the boss,1,0.0,0.0,Positivo,7.367134094238281e-05
lebron is a hometown hero to me lol i love the lakers but let s go cavs lol,1,1.0,0.0,Positivo,0.0004305839538574
lebron and zydrunas are such an awesome duo,1,1.0,0.0,Positivo,0.000246524810791
lebron is a beast nobody in the nba comes even close,1,0.0,0.0,Positivo,0.0001888275146484
downloading apps for my iphone so much fun there literally is an app for just about anything,1,1.0,0.0,Positivo,0.0002837181091308
good news just had a call from the visa office saying everything is fine what a relief i am sick of scams out there stealing,1,0.195754306594745,0.8042456934052549,Neutral,0.0003907680511474
awesome come back from via,1,1.0,0.0,Positivo,0.0001013278961181
in montreal for a long weekend of r amp r much needed,1,0.0,0.0,Positivo,0.0001399517059326
booz allen hamilton has a bad ass homegrown social collaboration platform way cool ttiv,1,1.0,0.0,Positivo,0.0002498626708984
mluc customer innovation award winner booz allen hamilton,1,1.0,0.0,Positivo,0.000190258026123
i current use the nikon d and love it but not as much as the canon d d i chose the d for the video feature my mistake,1,0.2885714285714286,0.7114285714285715,Neutral,0.0003054141998291
google is always a good place to look should ve mentioned i worked on the mustang w my dad,1,1.0,0.0,Positivo,0.0002601146697998
played with an android google phone the slide out screen scares me i would break that fucker so fast still prefer my iphone,0,0.0874845615479621,0.912515438452038,Negativo,0.0003659725189208
us planning to resume the military tribunals at guantanamo bay only this time those on trial will be aig execs and chrysler debt holders,0,0.0,1.0,Negativo,0.0003588199615478
omg so bored amp my tattoooos are so itchy help aha,0,0.403852127990059,0.596147872009941,Neutral,0.0002346038818359
i m itchy and miserable,0,0.0,1.0,Negativo,7.557868957519531e-05
no i m not itchy for now maybe later lol,0,0.8337266680969748,0.1662733319030251,Neutral,0.0001773834228515
rt i love the nerdy stanford human biology videos makes me miss school,1,0.8118144309147629,0.1881855690852369,Neutral,0.0002176761627197
has been a bit crazy with steep learning curve but lyx is really good for long docs for anything shorter it would be insane,1,0.4657863145258103,0.5342136854741897,Neutral,0.0003788471221923
i m listening to p y t by danny gokey lt lt lt aww he s so amazing i lt him so much,1,1.0,0.0,Positivo,0.0002343654632568
is going to sleep then on a bike ride,1,0.0,0.0,Positivo,0.0001235008239746
cant sleep my tooth is aching,0,0.0,1.0,Negativo,0.0001320838928222
blah blah blah same old same old no plans today going back to sleep i guess,0,0.0,1.0,Negativo,0.0002193450927734
glad i didnt do bay to breakers today it s freaking degrees in san francisco wtf,0,0.141820580474934,0.8581794195250659,Neutral,0.0002775192260742
obama administration must stop bonuses to aig ponzi schemers,0,0.7831021437578816,0.2168978562421185,Neutral,0.0001852512359619
started to think that citi is in really deep s amp t are they gonna survive the turmoil or are they gonna be the next aig,0,0.0,1.0,Negativo,0.0003015995025634
shaunwoo hate n on aig,0,0.0,1.0,Negativo,0.0001068115234375
you will not regret going to see star trek it was awesome,1,1.0,0.0,Positivo,0.0002162456512451
annoying new trend on the internets people picking apart michael lewis and malcolm gladwell nobody wants to read that,0,0.0,1.0,Negativo,0.0002667903900146
highly recommend by malcolm gladwell,1,1.0,0.0,Positivo,0.0001068115234375
blink by malcolm gladwell amazing book and the tipping point,1,1.0,0.0,Positivo,0.000171422958374
malcolm gladwell might be my new man crush,1,0.0,1.0,Negativo,0.0001435279846191
omg the commercials alone on espn are going to drive me nuts,0,0.1822289156626506,0.8177710843373494,Neutral,0.0002562999725341
playing with twitter api sounds fun may need to take a class or find a new friend who like to generate results with api code,1,1.0,0.0,Positivo,0.000335693359375
hello twitter api,1,0.0,0.0,Positivo,7.224082946777344e-05
because the twitter api is slow and most client s aren t good,0,1.0,0.0,Positivo,0.0001897811889648
yahoo answers can be a butt sometimes,0,0.0,0.0,Positivo,0.0001001358032226
is scrapbooking with nic d,1,0.0,0.0,Positivo,8.225440979003906e-05
rt five things wolfram alpha does better and vastly different than google,1,1.0,0.0,Positivo,0.0001988410949707
just changed my default pic to a nike basketball cause bball is awesome,1,1.0,0.0,Positivo,0.0001976490020751
rt was just told that nike layoffs started today,0,0.0,0.0,Positivo,0.000119924545288
back when i worked for nike we had one fav word just do it,1,1.0,0.0,Positivo,0.0002174377441406
by the way i m totally inspired by this freaky nike commercial,1,0.7357543548863301,0.2642456451136699,Neutral,0.0001728534698486
class the d is supposed to come today,1,0.0,0.0,Positivo,0.0001263618469238
needs someone to explain lambda calculus to him,0,0.0,0.0,Positivo,0.0001204013824462
took the graduate field exam for computer science today nothing makes you feel like more of an idiot than lambda calculus,0,0.1973164956590371,0.8026835043409629,Neutral,0.0003368854522705
shout outs to all east palo alto for being in the buildin karizmakaze cal gta also thanks to profits of doom universal hempz cracka,1,0.8798485046362805,0.1201514953637194,Neutral,0.0003821849822998
yeahhhhhhhhh i wouldn t really have lived in east palo alto if i could have avoided it i guess it s only for the summer,0,0.0,1.0,Negativo,0.0003180503845214
great stanford course thanks for making it available to the public really helpful and informative for starting off,1,1.0,0.0,Positivo,0.0003175735473632
work til pm lets go lakers,1,0.0,0.0,Positivo,0.0001242160797119
damn you north korea,0,0.0,1.0,Negativo,7.534027099609375e-05
can we just go ahead and blow north korea off the map already,0,0.0,0.0,Positivo,0.0001838207244873
north korea please cease this douchebaggery china doesn t even like you anymore,0,1.0,0.0,Positivo,0.0002198219299316
why the hell is pelosi in freakin china and on whose dime,0,0.0,1.0,Negativo,0.0002012252807617
are you burning more cash than chrysler and gm stop the financial tsunami where bailout means taking a handout,0,0.0,1.0,Negativo,0.0002894401550292
insects have infected my spinach plant,0,0.0,1.0,Negativo,0.0001266002655029
wish i could catch every mosquito in the world n burn em slowly they been bitin the shit outta me day mosquitos are the assholes of insects,0,0.8467382761330888,0.1532617238669112,Neutral,0.0003831386566162
just got back from church and i totally hate insects,0,0.0,1.0,Negativo,0.000169038772583
just got mcdonalds goddam those eggs make me sick o yeah laker up date go lakers not much of an update well it s true so suck it,0,0.1667843275679491,0.8332156724320509,Neutral,0.0004618167877197
omgg i ohhdee want mcdonalds damn i wonder if its open lol,1,0.7420052525876718,0.2579947474123281,Neutral,0.0002357959747314
history exam studying ugh,0,0.0,1.0,Negativo,9.870529174804688e-05
i hate revision it s so boring i am totally unprepared for my exam tomorrow things are not looking good,0,0.0,1.0,Negativo,0.0002906322479248
higher physics exam tommorow not lookin forward to it much,0,0.0,0.0,Positivo,0.0001499652862548
it s a bank holiday yet i m only out of work now exam season sucks,0,0.5833333333333334,0.4166666666666667,Neutral,0.0002157688140869
cheney and bush are the real culprits,0,0.0,0.0,Positivo,0.0001101493835449
life s a bitch and so is dick cheney p bipart tlot tcot hhrs gop dnc,0,0.0,1.0,Negativo,0.0002317428588867
dick cheney s dishonest speech about torture terror and obama fred kaplan slate,0,0.0,1.0,Negativo,0.000227928161621
the republican party is a bunch of anti abortion zealots who couldn t draw flies to a dump neal boortz just now on the radio,0,0.1233183856502242,0.8766816143497758,Neutral,0.0003678798675537
is twitter s connections api broken some tweets didn t make it to twitter,0,0.0,1.0,Negativo,0.0002150535583496
i srsly hate the stupid twitter api timeout thing soooo annoying,0,0.0,1.0,Negativo,0.000232458114624
i really liked learning jquery book is worth a look too,1,1.0,0.0,Positivo,0.000180959701538
very interesting ad from adobe by goodby silverstein amp partners youtube adobe cs le sens propre,1,1.0,0.0,Positivo,0.0002241134643554
goodby silverstein agency new site great,1,1.0,0.0,Positivo,0.0001227855682373
rt goodby silverstein s new site i enjoy it nice find,1,1.0,0.0,Positivo,0.0001707077026367
the ever amazing psyop and goodby silverstein amp partners for hp have to go play with after effects now,1,1.0,0.0,Positivo,0.0003077983856201
top ten most watched on viral video chart love the nike mostvaluablepuppets campaign from wieden amp kennedy,1,1.0,0.0,Positivo,0.0002691745758056
zomg i have a g,1,0.0,0.0,Positivo,4.8160552978515625e-05
ok so lots of buzz from io but how lucky are they a free g,1,1.0,0.0,Positivo,0.0002222061157226
just got a free g android at google i o,1,1.0,0.0,Positivo,0.0001246929168701
guess i ll be retiring my g and start using my developer g woot googleio,1,1.0,0.0,Positivo,0.000199556350708
i am happy for philip being at googleio today,1,1.0,0.0,Positivo,0.0001306533813476
lakers played great cannot wait for thursday night lakers vs,1,1.0,0.0,Positivo,0.0001740455627441
judd apatow creates fake sitcom on nbc com to market his new movie viral marketing at its best,1,0.8555011946751622,0.1444988053248378,Neutral,0.0002858638763427
viral marketing fail this acia pills brand oughta get shut down for hacking into people s messenger s i get msgs in a day arrrgh,0,0.0,1.0,Negativo,0.0002961158752441
watching night at the museum lmao,1,0.4132815259625574,0.5867184740374426,Neutral,0.0001840591430664
i loved night at the museum,1,1.0,0.0,Positivo,8.749961853027344e-05
just got back from the movies went to see the new night at the museum with rachel it was good,1,1.0,0.0,Positivo,0.0002753734588623
i will take you on a date to see night at the museum whenever you want it looks soooooo good,1,1.0,0.0,Positivo,0.0002708435058593
no watching the night at the museum getting really good,1,0.7478474784747847,0.2521525215252153,Neutral,0.0001711845397949
night at the museum wolverine and junk food perfect monday,1,1.0,0.0,Positivo,0.0002427101135253
saw night at the museum last night pretty crazy movie but the cast was awesome so it was well worth it robin williams forever,1,0.9628804751299184,0.0371195248700816,Positivo,0.0003798007965087
night at the museum tonite instead of up oh well that yr old better enjoy it lol,0,1.0,0.0,Positivo,0.0003190040588378
it s unfortunate that after the stimulus plan was put in place twice to help gm on the back of the american people has led to the inevitable,0,0.3343465045592705,0.6656534954407296,Neutral,0.0003893375396728
tell me again why we are giving more to gm we should use that for all the programs that support the unemployed,0,1.0,0.0,Positivo,0.0003139972686767
oh yes but if gm dies it will only be worth more boo hahaha,0,1.0,0.0,Positivo,0.0002367496490478
time warner cable is down again rd time since memorial day bummer,0,0.0,1.0,Negativo,0.0002086162567138
i would rather pay reasonable yearly taxes for free fast internet than get gouged by time warner for a slow connection,0,0.9011256464861576,0.0988743535138424,Neutral,0.0002784729003906
nooooooo my dvr just died and i was only half way through the ea presser hate you time warner,0,0.0,1.0,Negativo,0.0002956390380859
f ck time warner cable you f cking suck balls i have a hd tv amp my damn hd channels hardly ever come in bullshit,0,0.0,1.0,Negativo,0.0003378391265869
time warner has the worse customer service ever i will never use them again,0,0.0,1.0,Negativo,0.0002198219299316
time warner is the devil worst possible time for the internet to go out,0,0.0,1.0,Negativo,0.000216007232666
fuck no internet damn time warner,0,0.0,1.0,Negativo,0.0001227855682373
time warner really picks the worst time to not work all i want to do is get to mtv com so i can watch the hills wtfffff,0,0.0,1.0,Negativo,0.000340461730957
i hate time warner soooo wish i had vios cant watch the fricken mets game w o buffering i feel like im watching free internet porn,0,0.8757450247499747,0.1242549752500252,Neutral,0.0003831386566162
ahh got rid of stupid time warner today amp now taking a nap while the roomies cook for me pretty good end for a monday,0,0.8411382787677856,0.1588617212322144,Neutral,0.0003693103790283
time warner s hd line up is crap,0,0.0,1.0,Negativo,0.0001325607299804
is being fucked by time warner cable didnt know modems could explode and susan boyle sucks too,0,0.0,1.0,Negativo,0.0002927780151367
time warner cable slogan where calling it a day at pm happens,0,0.0,0.0,Positivo,0.0001654624938964
recovering from surgery wishing was here,0,1.0,0.0,Positivo,0.0001227855682373
my wrist still hurts i have to get it looked at i hate the dr dentist scary places time to watch eagle eye if you want to join txt,1,0.0825963624228266,0.9174036375771734,Negativo,0.0004365444183349
the dentist lied u won t feel any discomort prob won t even need pain pills man u twippin this shit hurt how many pills can i take,0,0.1473986136562823,0.8526013863437176,Neutral,0.0004076957702636
my dentist is great but she s expensive,0,1.0,0.0,Positivo,0.0001399517059326
is studing math tomorrow exam and dentist,1,0.0,0.0,Positivo,0.0001108646392822
my dentist was wrong wrong,0,0.0,1.0,Negativo,0.0001218318939208
going to the dentist later,0,0.0,0.0,Positivo,8.487701416015625e-05
son has me looking at cars online i hate car shopping would rather go to the dentist anyone with a good car at a good price to sell,0,0.7962382445141065,0.2037617554858934,Neutral,0.0003542900085449
luke and i got stopped walking out of safeway and asked to empty our pockets and lift our shirts how jacked up is that,0,0.0,1.0,Negativo,0.000340461730957
safeway is very rock n roll tonight,1,0.0,0.0,Positivo,9.989738464355467e-05
the safeway bathroom still smells like ass,0,0.2855345911949685,0.7144654088050315,Neutral,0.0001568794250488
at safeway on elkhorn they move like they re dead,0,0.1917186613726602,0.8082813386273398,Neutral,0.0001671314239501
i love dwight howard s vitamin water commercial now i wish he was with nike and not adidas lol,1,0.9158346398217674,0.0841653601782325,Positivo,0.0003161430358886
found nothing at nike factory off to banana republic outlet,0,0.0,0.0,Positivo,0.0001511573791503
is lovin his nike already and that s only from running on the spot in his bedroom,1,0.0,0.0,Positivo,0.0002033710479736
i finally got around to using jquery to make my bio collapse yay for slide animations,1,0.5794633642930856,0.4205366357069143,Neutral,0.0002450942993164
right lol we ll get there i have high expectations warren buffet style,1,1.0,0.0,Positivo,0.0002040863037109
rt rt great someone s sitting in the shade today because someone planted a tree a long time ago warren buffet,1,1.0,0.0,Positivo,0.0002470016479492
warren buffet became for a time the richest man in the united states not by working but investing in big idea which lead to the fortune,1,1.0,0.0,Positivo,0.0003581047058105
according to the create a school notre dame will have receivers in ncaa at or higher rating sweet,1,1.0,0.0,Positivo,0.0002832412719726
it s definitely under warranty amp my experience is the amazon support for kindle is great had to contact them about my kindle,1,1.0,0.0,Positivo,0.00034761428833
time warner road runner customer support here absolutely blows i hate not having other high speed net options i m ready to go nuclear,0,0.629535650850038,0.3704643491499619,Neutral,0.000356912612915
time warner cable phone reps r dumber than nails ugh cable was working mins ago now its not wtf,0,0.1675066706196264,0.8324933293803736,Neutral,0.000321626663208
we tried but time warner wasn t being nice so we recorded today,0,1.0,0.0,Positivo,0.0001957416534423
omg time warner f ed up my internet install instead of today its now next saturday another week w o internet amp ehfa v fhg fml,0,1.0,0.0,Positivo,0.0004270076751708
wth i have never seen a line this loooong at time warner before ugh,0,0.0,1.0,Negativo,0.0003089904785156
impatiently awaiting the arrival of the time warner guy it s way too pretty to be inside all afternoon,0,0.6901763224181361,0.3098236775818639,Neutral,0.0003683567047119
naive bayes using em for text classification really frustrating,0,0.0,1.0,Negativo,0.0001816749572753
we went to stanford university today got a tour made me want to go back to college it s also decided all of our kids will go there,1,1.0,0.0,Positivo,0.0003502368927001
if you re being harassed by calls about your car warranty changing your number won t fix that they call every number d bags,0,0.773095623987034,0.2269043760129659,Neutral,0.0003695487976074
just blocked united blood services using google voice they call more than those car warranty guys,0,0.7459372854200046,0.2540627145799954,Neutral,0.0002567768096923
at amp t is complete fail,0,0.0,1.0,Negativo,0.0001122951507568
oh snap you work at at amp t don t you,0,0.0,0.0,Positivo,0.0001130104064941
i really dont want at amp t phone service they suck when it comes to having a signal,0,0.0,1.0,Negativo,0.0002799034118652
i say we just cut out the small talk at amp t s new slogan f__k you give us your money apologies to bob geldof,0,0.0,1.0,Negativo,0.0003862380981445
pissed about at amp t s mid contract upgrade price for the iphone it s more i m not going to pay for something i thought was,0,0.0625076602524819,0.937492339747518,Negativo,0.0003397464752197
safari is fast even on my shitty at amp t tethering,0,0.0,1.0,Negativo,0.0001730918884277
what is at amp t fucking up,0,0.0,0.0,Positivo,0.0001084804534912
at amp t dropped the ball and isn t supporting crap with the new iphone fail att sucks,0,0.1042549584675368,0.8957450415324631,Negativo,0.0002937316894531
yay glad you got the phone still damn you at amp t,0,0.856871093396141,0.143128906603859,Neutral,0.0001828670501708
talk is cheap bing that i ll stick with google,0,0.0,0.0,Positivo,0.0001354217529296
wtf is the point of deleting tweets if they can still be found in summize and searches twitter please fix that thanks and bye,0,0.7565833148926754,0.2434166851073246,Neutral,0.0003936290740966
i love google translator too d good day mate,1,1.0,0.0,Positivo,0.0001392364501953
reading on my new kindle,1,0.0,0.0,Positivo,9.894371032714844e-05
my kindle came and i love it,1,1.0,0.0,Positivo,0.0001206398010253
loving my new kindle named her kendra in case u were wondering the cookbook is the tool cuz it tells u all the tricks best gift evr,1,0.9666802112962212,0.0333197887037789,Positivo,0.0004029273986816
the real aig scandal,0,0.0,1.0,Negativo,9.894371032714844e-05
obama is quite a good comedian check out his dinner speech on cnn very funny jokes,1,1.0,0.0,Positivo,0.0002894401550292
barack obama shows his funny side gt gt great speech,1,1.0,0.0,Positivo,0.0002062320709228
i like this guy barack obama shows his funny side gt gt,1,1.0,0.0,Positivo,0.0002057552337646
obama s speech was pretty awesome last night,1,1.0,0.0,Positivo,0.0001497268676757
reading bill clinton fail obama win,1,0.5713495575221239,0.428650442477876,Neutral,0.0001342296600341
obama more popular than u s among arabs survey president barack obama s popularity in leading arab countries,1,1.0,0.0,Positivo,0.0002670288085937
obama s got jokes haha just got to watch a bit of his after dinner speech from last night i m in love with mr president,1,1.0,0.0,Positivo,0.0003674030303955
lebron james got in a car accident i guess just heard it on evening news wow i cant believe it will he be ok,0,0.8560962846677133,0.1439037153322867,Neutral,0.0003509521484375
is it me or is this the best the playoffs have been in years oh yea lebron and melo in the finals,1,1.0,0.0,Positivo,0.0002777576446533
no lebron is the best,1,0.7947008247060888,0.2052991752939112,Neutral,0.0001182556152343
lebron is cool i like his personality he has good character,1,1.0,0.0,Positivo,0.0001914501190185
watching lebron highlights damn that niggas good,1,0.2512980269989616,0.7487019730010385,Neutral,0.0001642704010009
lebron is murdering shit,1,0.0,1.0,Negativo,9.870529174804688e-05
lebron is a monsta and he is only smh the world ain t ready,1,0.7723823975720789,0.2276176024279211,Neutral,0.0002262592315673
when lebron is done in the nba he will probably be greater than kobe like u said kobe is good but there alot of good players,1,1.0,0.0,Positivo,0.000478982925415
kobe is good bt lebron has my vote,1,1.0,0.0,Positivo,0.0001921653747558
kobe is the best in the world not lebron,0,1.0,0.0,Positivo,0.0001506805419921
world cup access damn that s a good look,1,0.5607991732690321,0.4392008267309679,Neutral,0.0001463890075683
just bought my tickets for the fifa world cup in south africa its going to be a great summer,1,1.0,0.0,Positivo,0.0003011226654052
i have to go to booz allen hamilton for a hr meeting but then i get to go home,0,0.0,0.0,Positivo,0.0002839565277099
the great indian tamasha truly will unfold from may the result day for indian general election,1,1.0,0.0,Positivo,0.0002353191375732
i have the kindle i ve seen pictures of the dx but haven t seen it in person i love my kindle i m on it everyday,1,0.9034222128910352,0.0965777871089649,Neutral,0.000293493270874
such an awesome idea the continual learning program with a kindle,1,1.0,0.0,Positivo,0.0001661777496337
ooooh what model are you getting i have the d and love love love love it,1,1.0,0.0,Positivo,0.0002593994140625
the times of india the wonder that is india s election,1,0.0,0.0,Positivo,0.0001406669616699
good video from google on using search options,1,1.0,0.0,Positivo,0.0001249313354492
lol ah my skin is itchy damn lawnmowing,0,0.3104503716659378,0.6895496283340621,Neutral,0.0001850128173828
itchy back dont ya hate it,0,0.7154193460117663,0.2845806539882337,Neutral,0.0001344680786132
stanford charity fashion show a top draw,1,1.0,0.0,Positivo,0.000136375427246
stanford university s facebook profile is one of the most popular official university pages,1,1.0,0.0,Positivo,0.0002181529998779
lyx is cool,1,1.0,0.0,Positivo,7.295608520507812e-05
sooo dissapointed they sent danny gokey home you still rock danny my hometown hero yeah milrockee,1,1.0,0.0,Positivo,0.0002632141113281
rt american idol fashion adam lambert tones down danny gokey cute,1,1.0,0.0,Positivo,0.0001666545867919
i love you danny gokey,1,1.0,0.0,Positivo,7.319450378417969e-05
so tired i didn t sleep well at all last night,0,0.2433817250213492,0.7566182749786508,Neutral,0.00016450881958
boarding plane for san francisco in hour hr flight blech,0,0.0,0.0,Positivo,0.0001776218414306
bonjour san francisco my back hurts from last night,0,0.0,1.0,Negativo,0.000178575515747
with my best girl for a few more hours in san francisco mmmmmfamily is wonderful,1,1.0,0.0,Positivo,0.0002517700195312
f up big or go home aig,0,0.0,0.0,Positivo,9.918212890625e-05
went to see the star trek movie last night very satisfying,1,1.0,0.0,Positivo,0.0001816749572753
i can t wait going to see star trek tonight,1,0.0,0.0,Positivo,0.0001294612884521
star trek was as good as everyone said,1,1.0,0.0,Positivo,0.0001540184020996
am loving new malcolm gladwell book outliers,1,1.0,0.0,Positivo,0.0001218318939208
i highly recommend malcolm gladwell s the tipping point my next audiobook will probably be one of his as well,1,1.0,0.0,Positivo,0.0002932548522949
malcolm gladwell is a genius at tricking people into not realizing he s a fucking idiot,0,0.0833035820540283,0.9166964179459716,Negativo,0.0002377033233642
hey no offense but malcolm gladwell is a pretenious annoying cunt and he brings you down cant read his shit,0,0.1064788270947661,0.8935211729052339,Neutral,0.0003890991210937
rt great article by malcolm gladwell,1,1.0,0.0,Positivo,9.369850158691406e-05
i seriously underestimated malcolm gladwell i want to meet this dude,1,0.1426481346013167,0.8573518653986832,Neutral,0.000157356262207
i hate comcast right now everything is down cable internet amp phone ughh what am i to do,0,0.0,1.0,Negativo,0.0002357959747314
comcast sucks,0,0.0,1.0,Negativo,5.8650970458984375e-05
the day i never have to deal with comcast again will rank as one of the best days of my life,0,1.0,0.0,Positivo,0.0002832412719726
did comcast fail again,0,0.0,1.0,Negativo,9.226799011230467e-05
curses the twitter api limit,0,0.0,0.0,Positivo,8.487701416015625e-05
now i can see why dave winer screams about lack of twitter api its limitations and access throttles,0,0.0,1.0,Negativo,0.0002729892730712
arg twitter api is making me crazy,0,0.0,1.0,Negativo,0.0001454353332519
i m really loving the new search site wolfram alpha makes google seem so quaint,1,1.0,0.0,Positivo,0.0001983642578125
wolfram alpha sucks even for researchers the information provided is less than you can get from google or wikipedia totally useless,0,0.0,1.0,Negativo,0.000354528427124
off to the nike factory,1,0.0,0.0,Positivo,8.845329284667969e-05
new nike muppet commercials are pretty cute why do we live together again,1,1.0,0.0,Positivo,0.0002305507659912
oh those are awesome i so wish they weren t owned by nike,0,1.0,0.0,Positivo,0.0002169609069824
awesome seeing the show friday at the shoreline amphitheatre never seen nin before can t wait,1,1.0,0.0,Positivo,0.0002076625823974
arhh it s weka bug and i spent almost two hours to find that out crappy me,0,0.0,1.0,Negativo,0.0002462863922119
hey bud np i do so love my d although i d love a d mkii more,1,0.8353909465020576,0.1646090534979424,Neutral,0.0002176761627197
just got us a d for the office d,1,0.0,0.0,Positivo,0.0001039505004882
just picked up my new canon d it s beautiful prepare for some seriously awesome photography,1,0.9357064450368512,0.0642935549631488,Positivo,0.0002965927124023
just got my new toy canon d love love love it,1,1.0,0.0,Positivo,0.0001838207244873
learning about lambda calculus,1,0.0,0.0,Positivo,8.320808410644531e-05
i m moving to east palo alto,1,0.0,0.0,Positivo,0.0001072883605957
atebits i just finished watching your stanford iphone class session i really appreciate it you rock,1,1.0,0.0,Positivo,0.000232458114624
hi just saw your stanford talk and really liked your advice just saying hi from singapore yes the videos do get around,1,1.0,0.0,Positivo,0.0003225803375244
lakers tonight let s go,1,0.0,0.0,Positivo,7.534027099609375e-05
will the lakers kick the nuggets ass tonight,1,0.0,1.0,Negativo,0.0001366138458251
oooooooh north korea is in troubleeeee,0,0.0,0.0,Positivo,0.0001277923583984
wat the heck is north korea doing they just conducted powerful nuclear tests follow the link,0,1.0,0.0,Positivo,0.0003867149353027
listening to obama friggin north korea,0,0.0,0.0,Positivo,0.0001940727233886
i just realized we three monkeys in the white obama biden pelosi sarah palin,0,0.0,0.0,Positivo,0.0002927780151367
pelosi should stay in china and never come back,0,0.0,0.0,Positivo,0.0001640319824218
nancy pelosi gave the worst commencement speech i ve ever heard yes i m still bitter about this,0,0.1156443704320473,0.8843556295679527,Neutral,0.0003869533538818
ugh the amount of times these stupid insects have bitten me grr,0,0.0,1.0,Negativo,0.0002269744873046
prettiest insects ever pink katydids,1,1.0,0.0,Positivo,9.250640869140624e-05
just got barraged by a horde of insects hungry for my kitchen light so scary,0,0.0,1.0,Negativo,0.0002272129058837
just had mcdonalds for dinner d it was goooood big mac meal,1,1.0,0.0,Positivo,0.0002293586730957
ahh yes lol ima tell my hubby to go get me sum mcdonalds,1,1.0,0.0,Positivo,0.0002284049987792
stopped to have lunch at mcdonalds chicken nuggetssss yummmmmy,1,0.8053589484327603,0.1946410515672396,Neutral,0.0001742839813232
could go for a lot of mcdonalds i mean a lot,1,0.0,0.0,Positivo,0.0001165866851806
my exam went good your prayers worked,1,1.0,0.0,Positivo,0.0001358985900878
only one exam left and i am so happy for it d,1,1.0,0.0,Positivo,0.0001718997955322
math review im going to fail the exam,0,0.0,1.0,Negativo,0.0001575946807861
colin powell rocked yesterday on cbs cheney needs to shut the hell up and go home powell is a man of honor and served our country proudly,0,0.786624203821656,0.2133757961783439,Neutral,0.000396728515625
obviously not siding with cheney here,0,0.0,0.0,Positivo,0.0001134872436523
absolutely hilarious from,1,1.0,0.0,Positivo,7.176399230957031e-05
i never did thank you for including me in your top twitter authors you rock amp i new wave d,1,0.3312412831241283,0.6687587168758716,Neutral,0.0002646446228027
rt awesome jquery reference book for coda webdesign,1,1.0,0.0,Positivo,0.0001277923583984
i ve been sending e mails like crazy today to my contacts does anyone have a contact at goodby silverstein i d love to speak to them,1,0.912515438452038,0.0874845615479621,Positivo,0.0003359317779541
goodby silverstein s new site i enjoy it,1,1.0,0.0,Positivo,0.0001344680786132
wow everyone at the google i o conference got free g s with a month of unlimited service,1,1.0,0.0,Positivo,0.0002391338348388
dood i got a free google android phone at the i o conference the g,1,1.0,0.0,Positivo,0.000159740447998
the g is amazing btw a huge improvement over the g,1,1.0,0.0,Positivo,0.0002031326293945
html demos lots of great stuff to come yes i m excited io googleio,1,1.0,0.0,Positivo,0.0002338886260986
yay happy place place place i love google,1,1.0,0.0,Positivo,0.0001156330108642
googleio o d bringing d graphics to the browser very nice tbh funfun,1,1.0,0.0,Positivo,0.0002171993255615
awesome viral marketing for funny people,1,1.0,0.0,Positivo,0.0001332759857177
saw night at the museum out of sheer desperation who is funding these movies,0,0.0,1.0,Negativo,0.0002796649932861
night at the museum pretty furkin good,1,1.0,0.0,Positivo,0.0001521110534667
watching night at the museum giggling,1,1.0,0.0,Positivo,0.0001218318939208
back from seeing star trek and night at the museum star trek was amazing but night at the museum was eh,0,1.0,0.0,Positivo,0.0002582073211669
just watched night at the museum so stinkin cute,1,1.0,0.0,Positivo,0.0001580715179443
so night at the museum was awesome much better than part next weekend we ll see up,1,1.0,0.0,Positivo,0.0002834796905517
saw the new night at the museum and i loved it next is to go see up in d,1,1.0,0.0,Positivo,0.0002486705780029
it is a shame about gm what if they are forced to make only cars the white house thinks will sell what do you think,0,0.0,1.0,Negativo,0.0003719329833984
as u may have noticed not too happy about the gm situation nor aig lehman et al,0,0.0,1.0,Negativo,0.0002672672271728
gm good riddance sad though,0,0.4487179487179487,0.5512820512820512,Neutral,0.0001223087310791
i will never buy a government motors vehicle until just recently i drove gm cars since when i bought a,0,0.0,0.0,Positivo,0.0002133846282958
having the old coca cola guy on the gm board is stupid has heck tcot ala,0,0.0,1.0,Negativo,0.0002357959747314
rantsandraves the worst thing about gm concord pleasant hill martinez is the fucking uaw,0,0.2914452254414538,0.7085547745585462,Neutral,0.000237226486206
give a man a fish u feed him for the day teach him to fish u feed him for life buy him gm and u f k him over for good,0,1.0,0.0,Positivo,0.0002758502960205
the more i hear about this gm thing the more angry i get billions wasted more bullshit all for something like k employees and all the,0,0.0607255520504731,0.9392744479495267,Negativo,0.0003383159637451
i own a gm car and it is junk as far as quality compared to a honda,0,0.0,0.0,Positivo,0.0001935958862304
sad day bankrupt gm,0,0.0,1.0,Negativo,9.512901306152344e-05
is upset about the whole gm thing life as i know it is so screwed up,0,0.0,1.0,Negativo,0.0002303123474121
whoever is running time warner needs to be repeatedly raped by a rhino so they understand the consequences of putting out shitty cable svcs,0,0.0,1.0,Negativo,0.0003807544708251
wftb joining a bit late my connection was down boo time warner,0,0.0,0.0,Positivo,0.0001664161682128
cox or time warner cox is cheaper and gets a b on dslreports tw is more expensive and gets a c,0,0.0,0.0,Positivo,0.0002055168151855
i am furious with time warner and their phone promotions,0,0.0,1.0,Negativo,0.0001463890075683
just got home from chick fil a with the boys damn my internets down stupid time warner,0,0.0,1.0,Negativo,0.0002915859222412
could time warner cable suck more no,0,0.0,1.0,Negativo,0.0001626014709472
pissed at time warner for causin me to have slow internet problems,0,0.0,1.0,Negativo,0.0002009868621826
ummm having some time warner problems,0,0.0,1.0,Negativo,0.0001201629638671
you guys see this why does time warner have to suck so much ass really wish i could get u verse at my apartment,0,0.1127483813351194,0.8872516186648806,Neutral,0.0003724098205566
rt the upside to time warner unhelpful phone operators superslow on site service crap that s not an upside,0,0.0,1.0,Negativo,0.0002603530883789
rt new time warner slogan time warner where we make you long for the days before cable,0,0.0,0.0,Positivo,0.0002024173736572
confirmed it s time warner s fault not facebook s that fb is taking about minutes to load so tempted to switch to verizon,0,0.0,1.0,Negativo,0.0003018379211425
time warner epic fail,0,0.0,1.0,Negativo,9.751319885253906e-05
i know how sad is that rt st day of hurricane season that s less scarey than govt taking over gm,0,0.0,1.0,Negativo,0.0002791881561279
gm files bankruptcy not a good sign,0,0.0,1.0,Negativo,0.0001330375671386
yankees won mets lost its a good day,1,0.8670252502614673,0.1329747497385328,Neutral,0.0001523494720458
my dentist appt today was actually quite enjoyable,1,1.0,0.0,Positivo,0.0001461505889892
i hate the effing dentist,0,0.0,1.0,Negativo,7.700920104980469e-05
i hate going to the dentist,0,0.0,1.0,Negativo,0.0001027584075927
i hate the dentist who invented them anyways,0,0.0,1.0,Negativo,0.0001149177551269
this dentist s office is cold,0,0.0,0.0,Positivo,8.296966552734375e-05
just applied at safeway yeeeee,1,0.0,0.0,Positivo,8.034706115722656e-05
safeway place is a nightmare right now bumming,0,0.0,0.0,Positivo,0.0001084804534912
hate safeway select green tea icecream bought two cartons what a waste of money gt _ lt,0,0.091708423938735,0.908291576061265,Negativo,0.000274658203125
nike rocks i m super grateful for what i ve done with them amp the european division of nike is beyond,1,1.0,0.0,Positivo,0.0002679824829101
have you tried nike v addictive,1,0.0,0.0,Positivo,9.703636169433594e-05
the nike training club beta iphone app looks very interesting,1,1.0,0.0,Positivo,0.0001718997955322
argghhhh why won t my jquery appear in safari bad safari,0,0.5615707205489897,0.4384292794510103,Neutral,0.0001664161682128
i m ready to drop the pretenses i am forever in love with jquery and i want to marry it sorry ladies this nerd is jquery spokenfor js,1,0.814989024772656,0.185010975227344,Neutral,0.0003976821899414
super investors a great weekend read here from warren buffet oldie but a goodie,1,1.0,0.0,Positivo,0.0001959800720214
reading michael palin book the python years great book i also recommend warren buffet amp nelson mandela s bio,1,1.0,0.0,Positivo,0.0002732276916503
i mean i m down with notre dame if i have to it s a good school i d be closer to dan i d enjoy it,1,1.0,0.0,Positivo,0.000272512435913
i can t watch tv without a tivo and after all these years the time warner dvr still sucks,0,0.0,1.0,Negativo,0.0002460479736328
i d say some sports writers are idiots for saying roger federer is one of the best ever in tennis roger federer is the best ever in tennis,1,1.0,0.0,Positivo,0.0003101825714111
i still love my kindle but reading the new york times on it does not feel natural i miss the bloomingdale ads,0,0.7490391137237169,0.2509608862762831,Neutral,0.0003159046173095
i love my kindle no more stacks of books to trip over on the way to the loo,1,0.8640802322512536,0.1359197677487463,Neutral,0.0002379417419433
although today s keynote rocked for every great announcement at amp t shit on us just a little bit more,0,0.6602564102564102,0.3397435897435897,Neutral,0.0002789497375488
its not so much my obsession with cell phones but the iphone i m a slave to at amp t forever because of it,0,0.0,1.0,Negativo,0.0003163814544677
fuzzball is more fun than at amp t p,0,1.0,0.0,Positivo,0.0001368522644042
today is a good day to dislike at amp t vote out of office indeed,0,0.6157587548638132,0.3842412451361867,Neutral,0.0002210140228271
got my wave sandbox invite extra excited too bad i have class now but i ll play with it soon enough io wave,1,0.8830486202365309,0.1169513797634691,Neutral,0.0003509521484375
looks like summize has gone down too many tweets from wwdc perhaps,0,1.0,0.0,Positivo,0.0002012252807617
thanks so much from one of your very happy kindle winners i was so surprised fabulous thank you best kathleen,1,1.0,0.0,Positivo,0.0003323554992675
man i kinda dislike apple right now case in point the iphone gs wish there was a video recorder app please,0,0.8614415675297411,0.1385584324702589,Neutral,0.0003213882446289
i have a kindle amp sony prs like it physical device feels good font is nice pg turns are snappy enuf ui a little klunky,1,1.0,0.0,Positivo,0.0003681182861328
the kindle seems the best ereader but will it work in the uk and where can i get one,1,1.0,0.0,Positivo,0.0002541542053222
i have a google addiction thank you for pointing that out hahaha,1,1.0,0.0,Positivo,0.0002024173736572
dearest you rich bastards the visa card you sent me doesn t work why screw a little guy like me,0,0.8310251720233429,0.1689748279766571,Neutral,0.0002706050872802
excited about seeing bobby flay and guy fieri tomorrow at the great american food amp music fest,1,1.0,0.0,Positivo,0.0002706050872802
gonna go see bobby flay moro at shoreline eat and drink gonna be good,1,1.0,0.0,Positivo,0.0002107620239257
can t wait for the great american food and music festival at shoreline tomorrow mmm katz pastrami and bobby flay yes please,1,1.0,0.0,Positivo,0.0003540515899658
my dad was in ny for a day we ate at mesa grill last night and met bobby flay so much fun except i completely lost my voice today,1,0.8133153396311291,0.1866846603688708,Neutral,0.0003955364227294
fighting with latex again,0,0.0,1.0,Negativo,7.987022399902344e-05
we love you too and don t want you to die latex the devil,0,0.2023679570073054,0.7976320429926945,Neutral,0.0002243518829345
hours hours of inkscape crashing normally solid as a rock hours of latex complaining at the slightest thing i can t take any more,0,0.3504442250740375,0.6495557749259625,Neutral,0.0003132820129394
shit s hitting the fan in iran craziness indeed iranelection,0,0.3953297828758705,0.6046702171241295,Neutral,0.0001723766326904
monday already iran may implode kitchen is a disaster seems happy had a nice weekend and is great whoop,0,0.8851734036775546,0.1148265963224454,Neutral,0.0003080368041992
getting ready to test out some burger receipes this weekend bobby flay has some great receipes to try thanks bobby,1,1.0,0.0,Positivo,0.0002737045288085
i lam so in love with bobby flay he is my favorite rt you need a place in phoenix we have great peppers here,1,1.0,0.0,Positivo,0.0003385543823242
i just created my first latex file from scratch that didn t work out very well see it s a great time waster,0,1.0,0.0,Positivo,0.0003020763397216
using linux and loving it so much nicer than windows looking forward to using the wysiwyg latex editor,1,1.0,0.0,Positivo,0.0003519058227539
after using latex a lot any other typeset mathematics just looks hideous,1,0.0,0.0,Positivo,0.0001626014709472
on that note i hate word i hate pages i hate latex there i said it i hate latex all you texn rds can come kill me now,0,0.0,1.0,Negativo,0.0004005432128906
ahhh back in a real text editing environment i lt latex,1,0.0,0.0,Positivo,0.0001623630523681
trouble in iran i see hmm iran iran so far away flockofseagullsweregeopoliticallycorrect,0,0.0,1.0,Negativo,0.0001275539398193
reading the tweets coming out of iran the whole thing is terrifying and incredibly sad,0,0.0,1.0,Negativo,0.0002362728118896
